"patient","condition","integrated_snn_res.0.5","n","denom","proportion_pct"
"P1","Graft",0,376,8062,4.66385512279831
"P1","Graft",1,642,8062,7.96328454477797
"P1","Graft",2,1264,8062,15.6784916894071
"P1","Graft",3,24,8062,0.297692880178616
"P1","Graft",4,243,8062,3.01414041180848
"P1","Graft",5,1320,8062,16.3731084098239
"P1","Graft",6,10,8062,0.124038700074423
"P1","Graft",7,25,8062,0.310096750186058
"P1","Graft",8,611,8062,7.57876457454726
"P1","Graft",9,880,8062,10.9154056065492
"P1","Graft",10,694,8062,8.60828578516497
"P1","Graft",11,343,8062,4.25452741255272
"P1","Graft",12,24,8062,0.297692880178616
"P1","Graft",13,299,8062,3.70875713222525
"P1","Graft",14,30,8062,0.37211610022327
"P1","Graft",15,18,8062,0.223269660133962
"P1","Graft",16,852,8062,10.5680972463409
"P1","Graft",17,161,8062,1.99702307119821
"P1","Graft",18,168,8062,2.08385016125031
"P1","Graft",19,5,8062,0.0620193500372116
"P1","Graft",20,8,8062,0.0992309600595386
"P1","Graft",21,3,8062,0.037211610022327
"P1","Graft",23,16,8062,0.198461920119077
"P1","Graft",26,46,8062,0.570578020342347
"P1","PBMC",0,4792,8869,54.030894125606
"P1","PBMC",1,622,8869,7.01319201713835
"P1","PBMC",2,146,8869,1.64618333521254
"P1","PBMC",3,430,8869,4.84834817905063
"P1","PBMC",4,424,8869,4.78069680911038
"P1","PBMC",5,61,8869,0.687788927725786
"P1","PBMC",6,593,8869,6.68621039576051
"P1","PBMC",7,365,8869,4.11545833803134
"P1","PBMC",8,18,8869,0.202954109820724
"P1","PBMC",9,114,8869,1.28537602886458
"P1","PBMC",10,229,8869,2.58202728605254
"P1","PBMC",11,83,8869,0.935843950840005
"P1","PBMC",12,60,8869,0.676513699402413
"P1","PBMC",13,195,8869,2.19866952305784
"P1","PBMC",14,55,8869,0.620137557785545
"P1","PBMC",15,59,8869,0.665238471079039
"P1","PBMC",16,24,8869,0.270605479760965
"P1","PBMC",17,408,8869,4.60029315593641
"P1","PBMC",18,28,8869,0.315706393054459
"P1","PBMC",19,12,8869,0.135302739880483
"P1","PBMC",20,17,8869,0.19167888149735
"P1","PBMC",21,22,8869,0.248055023114218
"P1","PBMC",22,41,8869,0.462284361258316
"P1","PBMC",23,66,8869,0.744165069342654
"P1","PBMC",26,5,8869,0.0563761416168677
"P2","Graft",0,39,7459,0.522858291996246
"P2","Graft",1,1479,7459,19.8283952272423
"P2","Graft",2,1350,7459,18.0989408767931
"P2","Graft",3,788,7459,10.5644188228985
"P2","Graft",4,741,7459,9.93430754792868
"P2","Graft",5,525,7459,7.03847700764177
"P2","Graft",6,2,7459,0.0268132457433972
"P2","Graft",7,162,7459,2.17187290521518
"P2","Graft",8,259,7459,3.47231532376994
"P2","Graft",9,214,7459,2.8690172945435
"P2","Graft",10,329,7459,4.41077892478885
"P2","Graft",11,436,7459,5.8452875720606
"P2","Graft",12,645,7459,8.64727175224561
"P2","Graft",13,202,7459,2.70813782008312
"P2","Graft",14,4,7459,0.0536264914867945
"P2","Graft",15,25,7459,0.335165571792465
"P2","Graft",16,18,7459,0.241319211690575
"P2","Graft",17,75,7459,1.0054967153774
"P2","Graft",18,23,7459,0.308352326049068
"P2","Graft",19,70,7459,0.938463601018903
"P2","Graft",20,51,7459,0.68373776645663
"P2","Graft",21,3,7459,0.0402198686150959
"P2","Graft",22,3,7459,0.0402198686150959
"P2","Graft",23,7,7459,0.0938463601018903
"P2","Graft",25,3,7459,0.0402198686150959
"P2","Graft",26,6,7459,0.0804397372301917
"P2","PBMC",0,1057,6763,15.6291586574006
"P2","PBMC",1,626,6763,9.25624722756173
"P2","PBMC",2,177,6763,2.61718172408694
"P2","PBMC",3,1368,6763,20.227709596333
"P2","PBMC",4,1740,6763,25.7282271181428
"P2","PBMC",6,156,6763,2.30666863817832
"P2","PBMC",7,101,6763,1.49342007984622
"P2","PBMC",8,1,6763,0.01478633742422
"P2","PBMC",9,56,6763,0.828034895756321
"P2","PBMC",10,32,6763,0.473162797575041
"P2","PBMC",11,37,6763,0.547094484696141
"P2","PBMC",12,397,6763,5.87017595741535
"P2","PBMC",13,192,6763,2.83897678545024
"P2","PBMC",14,45,6763,0.665385184089901
"P2","PBMC",15,28,6763,0.414017447878161
"P2","PBMC",16,3,6763,0.0443590122726601
"P2","PBMC",17,442,6763,6.53556114150525
"P2","PBMC",18,7,6763,0.10350436196954
"P2","PBMC",19,114,6763,1.68564246636108
"P2","PBMC",20,98,6763,1.44906106757356
"P2","PBMC",21,4,6763,0.0591453496968801
"P2","PBMC",22,76,6763,1.12376164424072
"P2","PBMC",23,6,6763,0.0887180245453201
"P3","Graft",0,47,14528,0.323513215859031
"P3","Graft",1,2968,14528,20.4295154185022
"P3","Graft",2,2438,14528,16.7813876651982
"P3","Graft",3,1377,14528,9.47824889867841
"P3","Graft",4,300,14528,2.06497797356828
"P3","Graft",5,1324,14528,9.11343612334802
"P3","Graft",6,6,14528,0.0412995594713656
"P3","Graft",7,682,14528,4.69438325991189
"P3","Graft",8,806,14528,5.54790748898678
"P3","Graft",9,1226,14528,8.43887665198238
"P3","Graft",10,525,14528,3.61371145374449
"P3","Graft",11,884,14528,6.08480176211454
"P3","Graft",12,215,14528,1.47990088105727
"P3","Graft",13,283,14528,1.94796255506608
"P3","Graft",14,44,14528,0.302863436123348
"P3","Graft",15,498,14528,3.42786343612335
"P3","Graft",16,51,14528,0.351046255506608
"P3","Graft",17,11,14528,0.075715859030837
"P3","Graft",18,270,14528,1.85848017621145
"P3","Graft",19,250,14528,1.72081497797357
"P3","Graft",20,108,14528,0.743392070484581
"P3","Graft",21,12,14528,0.0825991189427313
"P3","Graft",22,2,14528,0.0137665198237885
"P3","Graft",23,5,14528,0.0344162995594714
"P3","Graft",24,173,14528,1.19080396475771
"P3","Graft",25,13,14528,0.0894823788546256
"P3","Graft",26,10,14528,0.0688325991189427
"P3","PBMC",0,1931,13274,14.547235196625
"P3","PBMC",1,2754,13274,20.7473255989152
"P3","PBMC",2,1115,13274,8.39987946361308
"P3","PBMC",3,1144,13274,8.61835166490884
"P3","PBMC",4,786,13274,5.92135000753352
"P3","PBMC",5,23,13274,0.17327105620009
"P3","PBMC",6,1056,13274,7.95540153683893
"P3","PBMC",7,2035,13274,15.3307217116167
"P3","PBMC",8,51,13274,0.384209733313244
"P3","PBMC",9,467,13274,3.5181557932801
"P3","PBMC",10,845,13274,6.36582793430767
"P3","PBMC",11,113,13274,0.851288232635227
"P3","PBMC",12,51,13274,0.384209733313244
"P3","PBMC",13,95,13274,0.715684797348199
"P3","PBMC",14,430,13274,3.23941539852343
"P3","PBMC",15,16,13274,0.120536386921802
"P3","PBMC",16,1,13274,0.00753352418261263
"P3","PBMC",17,7,13274,0.0527346692782884
"P3","PBMC",18,50,13274,0.376676209130631
"P3","PBMC",19,178,13274,1.34096730450505
"P3","PBMC",20,15,13274,0.113002862739189
"P3","PBMC",21,8,13274,0.060268193460901
"P3","PBMC",22,73,13274,0.549947265330722
"P3","PBMC",23,5,13274,0.0376676209130631
"P3","PBMC",24,10,13274,0.0753352418261263
"P3","PBMC",25,5,13274,0.0376676209130631
"P3","PBMC",26,10,13274,0.0753352418261263
"P4","Graft",0,400,10533,3.79758853128264
"P4","Graft",1,437,10533,4.14886547042628
"P4","Graft",2,3166,10533,30.0579132251021
"P4","Graft",3,341,10533,3.23744422291845
"P4","Graft",4,210,10533,1.99373397892338
"P4","Graft",5,1931,10533,18.3328586347669
"P4","Graft",6,6,10533,0.0569638279692395
"P4","Graft",7,28,10533,0.265831197189784
"P4","Graft",8,1722,10533,16.3486186271717
"P4","Graft",9,383,10533,3.63619101870312
"P4","Graft",10,115,10533,1.09180670274376
"P4","Graft",11,325,10533,3.08554068166714
"P4","Graft",12,334,10533,3.170986423621
"P4","Graft",13,237,10533,2.25007120478496
"P4","Graft",14,92,10533,0.873445362195006
"P4","Graft",15,48,10533,0.455710623753916
"P4","Graft",16,233,10533,2.21209531947214
"P4","Graft",17,68,10533,0.645590050318048
"P4","Graft",18,356,10533,3.37985379284155
"P4","Graft",19,55,10533,0.522168423051362
"P4","Graft",20,20,10533,0.189879426564132
"P4","Graft",22,8,10533,0.0759517706256527
"P4","Graft",23,10,10533,0.0949397132820659
"P4","Graft",24,4,10533,0.0379758853128264
"P4","Graft",26,4,10533,0.0379758853128264
"P4","PBMC",0,2645,13263,19.9426977305285
"P4","PBMC",1,1663,13263,12.5386413330317
"P4","PBMC",2,1299,13263,9.79416421624067
"P4","PBMC",3,252,13263,1.9000226193169
"P4","PBMC",4,1062,13263,8.00723818140692
"P4","PBMC",5,19,13263,0.143255673678655
"P4","PBMC",6,2362,13263,17.8089421699465
"P4","PBMC",7,545,13263,4.10917590288773
"P4","PBMC",8,110,13263,0.829374952876423
"P4","PBMC",9,128,13263,0.965090854256201
"P4","PBMC",10,535,13263,4.03377817989897
"P4","PBMC",11,99,13263,0.746437457588781
"P4","PBMC",12,194,13263,1.46271582598206
"P4","PBMC",13,164,13263,1.23652265701576
"P4","PBMC",14,811,13263,6.1147553343889
"P4","PBMC",15,551,13263,4.15441453668099
"P4","PBMC",17,4,13263,0.0301590891955063
"P4","PBMC",18,237,13263,1.78692603483375
"P4","PBMC",19,34,13263,0.256352258161804
"P4","PBMC",20,6,13263,0.0452386337932594
"P4","PBMC",21,243,13263,1.83216466862701
"P4","PBMC",22,67,13263,0.50516474402473
"P4","PBMC",23,108,13263,0.81429540827867
"P4","PBMC",24,20,13263,0.150795445977531
"P4","PBMC",25,70,13263,0.52778406092136
"P4","PBMC",26,2,13263,0.0150795445977531
"P4","PBMC",27,33,13263,0.248812485862927
