label,metric,n_CXCR6_pos,n_CXCR6_neg,mean_CXCR6_pos,mean_CXCR6_neg,delta_pos_minus_neg,p_value,p_adj_BH,star
PBMC,AURKB,185,1184,0.015240972306532808,0.0018480389874998208,0.013392933319032987,0.03252092905710668,0.09460633907521943,*
PBMC,BAD,185,1184,0.19507789351180685,0.13538375202015293,0.05969414149165392,0.03232882990418809,0.09460633907521943,*
PBMC,BAK1,185,1184,0.1757091165671243,0.1409233507867008,0.0347857657804235,0.11924418521859045,0.2725581376424924,ns
PBMC,BAX,185,1184,0.7076083111157441,0.7132440401004195,-0.005635728984675459,0.9379624938545347,0.9788146560519931,ns
PBMC,BCL2,185,1184,0.5830539331608973,0.6603861549505315,-0.07733222178963428,0.2204826206519819,0.39196910338130114,ns
PBMC,BCL2L11,185,1184,0.12101493995289096,0.04558304781693303,0.07543189213595794,5.872127843531542e-4,0.0023488511374126168,***
PBMC,BID,185,1184,0.16798877905438903,0.18996259613075614,-0.021973817076367114,0.6215222810208061,0.7955485197066318,ns
PBMC,CASP3,185,1184,0.1947281674813529,0.1385549884002888,0.05617317908106412,0.046491802069971284,0.12936849271644182,*
PBMC,CCNB1,185,1184,0.012900802789643112,0.015652617370646958,-0.0027518145810038457,0.9012581146975223,0.9788146560519931,ns
PBMC,CDC20,185,1184,0,0.0018194130415145665,-0.0018194130415145665,0.577042518668071,0.7536881876480926,ns
PBMC,CDK1,185,1184,0,0.007903678097879358,-0.007903678097879358,0.2949556001044733,0.4967673264917445,ns
PBMC,CDKN1A,185,1184,0.007482959589806063,0.006031131930470647,0.0014518276593354163,0.9503074101833983,0.9788146560519931,ns
PBMC,CDKN1B,185,1184,0.5766698315931793,0.5810652211332281,-0.004395389540048811,0.8349250172923841,0.9788146560519931,ns
PBMC,CDKN2A,185,1184,0.1328916834049938,0.08716634779684511,0.04572533560814869,0.05831497451243809,0.1555065986998349,ns
PBMC,CXCR6,185,1184,1.580295944473825,0,1.580295944473825,2.272330877332741e-297,7.271458807464771e-296,***
PBMC,Cell_cycle_arrest_module,185,1184,-0.12143779318996793,-0.10930397813905011,-0.012133815050917818,0.10308678088253424,0.2443538509808219,ns
PBMC,G2M.Score,185,1184,-0.018778512363463413,-0.02170189361874785,0.0029233812552844386,0.3243487226915178,0.5189579563064285,ns
PBMC,GZMB,185,1184,0.6713886193435563,0.6636040280389267,0.007784591304629607,0.9194871008508915,0.9788146560519931,ns
PBMC,IFNG,185,1184,0.2127567619097971,0.10305523101146914,0.10970153089832795,0.0037032403378797537,0.013941610683782602,**
PBMC,MCL1,185,1184,0.9407438843079102,0.7660874120367502,0.17465647227116,0.01330271261457465,0.047298533740709865,*
PBMC,MCM5,185,1184,0.18597409119557454,0.12667435231891075,0.05929973887666379,0.06746326202217114,0.1727059507767581,ns
PBMC,MKI67,185,1184,0.022860427902195696,0.010416127776649985,0.012444300125545711,0.13462854292339418,0.28528167465783033,ns
PBMC,PCNA,185,1184,0.12358286260800938,0.1283156277221803,-0.004732765114170923,0.9768586916325015,0.9788146560519931,ns
PBMC,PLK1,185,1184,0,0.0019094770363524355,-0.0019094770363524355,0.577042518668071,0.7536881876480926,ns
PBMC,Proliferation_module,185,1184,0.0010268344746778893,-0.0036251005827767427,0.0046519350574546325,0.3126115834899981,0.5130036241887148,ns
PBMC,RB1,185,1184,0.28740998783755767,0.2906544078674204,-0.003244420029862749,0.9046287097323301,0.9788146560519931,ns
PBMC,S.Score,185,1184,1.2907370328920376e-4,-0.0016075718861044324,0.001736645589393636,0.5598814481981089,0.7536881876480926,ns
PBMC,Survival_apoptosis_module,185,1184,-0.10549638690238232,-0.11198108639432942,0.006484699491947105,0.6945820600319872,0.8716323890597486,ns
PBMC,TCF7,185,1184,0.5470777621496175,0.8309702814242982,-0.28389251927468073,7.833490639302539e-5,5.013434009153624e-4,***
PBMC,TNFRSF1A,185,1184,0.34922866333849445,0.3761879326490115,-0.026959269310517064,0.5537589383343011,0.7536881876480926,ns
PBMC,TOP2A,185,1184,0.010006091808855998,0.0065377881235783785,0.003468303685277619,0.44809271655299543,0.6488974407987561,ns
PBMC,TP53,185,1184,0.07748965240264748,0.0845276087095598,-0.007037956306912327,0.9788146560519931,0.9788146560519931,ns
Graft,AURKB,1369,1372,0.005758255809255423,0.002579965975385717,0.0031782898338697063,0.20425071693471805,0.37348702525205585,ns
Graft,BAD,1369,1372,0.1612552803099979,0.15130112441457388,0.009954155895424005,0.4017627811395339,0.5979725114634923,ns
Graft,BAK1,1369,1372,0.1771097361320492,0.17911302913654947,-0.0020032930045002784,0.9061498850773806,0.9788146560519931,ns
Graft,BAX,1369,1372,0.8680538538311123,0.744528950224966,0.12352490360614632,1.2507354423290135e-4,7.277006209914261e-4,***
Graft,BCL2,1369,1372,0.5586992070915068,0.4104608614142447,0.14823834567726207,3.158546616177648e-8,3.3691163905894913e-7,***
Graft,BCL2L11,1369,1372,0.16555629690603724,0.11012726361567536,0.055429033290361876,2.2388412314388668e-4,9.65450758897477e-4,***
Graft,BID,1369,1372,0.1414470781322869,0.15103479496537422,-0.009587716833087317,0.8606396680219779,0.9788146560519931,ns
Graft,CASP3,1369,1372,0.23200542289713588,0.16124840114522515,0.07075702175191073,6.742070481588328e-6,5.3936563852706625e-5,***
Graft,CCNB1,1369,1372,0.021580485156049625,0.005382267819258607,0.01619821733679102,1.5289246841813326e-4,8.15426498230044e-4,***
Graft,CDC20,1369,1372,0,0.001920159182083923,-0.001920159182083923,0.0835648708515518,0.20569814363458905,ns
Graft,CDK1,1369,1372,0.010923131497001803,0.007569978485009015,0.003353153011992788,0.389280945992762,0.5931900129413515,ns
Graft,CDKN1A,1369,1372,0.017543657011124647,0.026090775276737165,-0.008547118265612517,0.1320836661765106,0.28528167465783033,ns
Graft,CDKN1B,1369,1372,0.8066218596645797,0.7635352163108277,0.04308664335375201,0.26554521215302596,0.45932144804847735,ns
Graft,CDKN2A,1369,1372,0.19635076356803421,0.11379803491420123,0.08255272865383298,3.775724478420598e-8,3.4520909516988326e-7,***
Graft,CXCR6,1369,1372,1.8694447923333337,0,1.8694447923333337,0,0,***
Graft,Cell_cycle_arrest_module,1369,1372,-0.0937752404284628,-0.08630792210076513,-0.007467318327697675,0.1562875885803163,0.3041834536238045,ns
Graft,G2M.Score,1369,1372,-0.010843732811834528,-0.015675202239718886,0.004831469427884358,0.016965117814671814,0.05714566000731558,*
Graft,GZMB,1369,1372,1.5356793684548988,1.0098128963301607,0.5258664721247381,2.6869198272846586e-25,3.439257378924363e-24,***
Graft,IFNG,1369,1372,0.8300503703060289,0.43346400848102784,0.39658636182500107,7.56012992514813e-32,1.2096207880237008e-30,***
Graft,MCL1,1369,1372,1.1638685726849416,1.0230405395369242,0.1408280331480174,5.684473297193481e-5,4.042292122448697e-4,***
Graft,MCM5,1369,1372,0.2498508573591357,0.1839514670586362,0.06589939030049952,1.7360823738050328e-4,8.546867071040162e-4,***
Graft,MKI67,1369,1372,0.03679754539576858,0.025746685549333834,0.011050859846434745,0.13818331116238658,0.28528167465783033,ns
Graft,PCNA,1369,1372,0.12356735026195448,0.15000597058517529,-0.026438620323220807,0.18774854844539907,0.35340903236781,ns
Graft,PLK1,1369,1372,0.0014731895079617638,0.00607038978470829,-0.004597200276746527,0.15684459327477418,0.3041834536238045,ns
Graft,Proliferation_module,1369,1372,0.006845230052447227,0.0028547385926604206,0.003990491459786806,0.024604772519526762,0.07873527206248565,*
Graft,RB1,1369,1372,0.29508439076362636,0.30643355184306614,-0.011349161079439785,0.9094999574457717,0.9788146560519931,ns
Graft,S.Score,1369,1372,-0.0024121998841184554,-0.0019407102950439485,-4.714895890745069e-4,0.9169794773923373,0.9788146560519931,ns
Graft,Survival_apoptosis_module,1369,1372,-0.10079847554608354,-0.1278762080566938,0.02707773251061027,2.2627752161659618e-4,9.65450758897477e-4,***
Graft,TCF7,1369,1372,0.1653144557836901,0.6100374896273235,-0.44472303384363343,2.621366393499302e-56,5.5922483061318436e-55,***
Graft,TNFRSF1A,1369,1372,0.2868141530330397,0.2795453622228162,0.007268790810223524,0.3368217497846733,0.5257705362492461,ns
Graft,TOP2A,1369,1372,0.01618412750611847,0.011062968174179576,0.005121159331938893,0.4562560130616254,0.6488974407987561,ns
Graft,TP53,1369,1372,0.07766665726423244,0.07657618436061207,0.001090472903620368,0.8751625804101727,0.9788146560519931,ns
